title,year,rating,age_rating,user_reviews,critic_reviews,metascore_review,votes,genres,duration,director,budget,actors,aspect_ratio
Побег из Шоушенка,1994.0,9.3,16+,11500,171,82,3000000.0,"['Epic', 'Period Drama', 'Prison Drama', 'Drama']",142.0,Frank Darabont,25000000.0,"['Tim Robbins', 'Morgan Freeman', 'Bob Gunton']",1.85
Unknown,,,Unknown,0,0,0,,[],,Unknown,,[],
Начало,2010.0,8.8,12+,4900,476,74,2700000.0,"['Action Epic', 'Adventure Epic', 'Epic', 'Psychological Thriller', 'Sci-Fi Epic', 'Action', 'Adventure', 'Sci-Fi', 'Thriller']",148.0,Christopher Nolan,160000000.0,"['Leonardo DiCaprio', 'Joseph Gordon-Levitt', 'Elliot Page']",2.39
Бойцовский клуб,1999.0,8.8,18+,4600,235,67,2500000.0,"['Psychological Drama', 'Psychological Thriller', 'Workplace Drama', 'Crime', 'Drama', 'Thriller']",139.0,David Fincher,63000000.0,"['Brad Pitt', 'Edward Norton', 'Meat Loaf']",2.39
Форрест Гамп,1994.0,8.8,0+,3300,119,82,2400000.0,"['Epic', 'Drama', 'Romance']",142.0,Robert Zemeckis,55000000.0,"['Tom Hanks', 'Robin Wright', 'Gary Sinise']",2.39
Unknown,,,Unknown,0,0,0,,[],,Unknown,,[],
Криминальное чтиво,1994.0,8.9,18+,3800,291,95,2300000.0,"['Dark Comedy', 'Drug Crime', 'Gangster', 'Crime', 'Drama']",154.0,Quentin Tarantino,8000000.0,"['John Travolta', 'Uma Thurman', 'Samuel L. Jackson']",2.39
Матрица,1999.0,8.7,16+,5100,232,73,2200000.0,"['Action Epic', 'Artificial Intelligence', 'Cyberpunk', 'Dystopian Sci-Fi', 'Gun Fu', 'Martial Arts', 'Sci-Fi Epic', 'Action', 'Sci-Fi']",136.0,Lana Wachowski,63000000.0,"['Keanu Reeves', 'Laurence Fishburne', 'Carrie-Anne Moss']",2.39
Крестный отец,1972.0,9.2,16+,5800,229,100,2100000.0,"['Epic', 'Gangster', 'Tragedy', 'Crime', 'Drama']",175.0,Francis Ford Coppola,6000000.0,"['Marlon Brando', 'Al Pacino', 'James Caan']",1.85
Властелин колец: Братство кольца,2001.0,8.9,12+,5900,243,92,2100000.0,"['Action Epic', 'Adventure Epic', 'Dark Fantasy', 'Epic', 'Fantasy Epic', 'Quest', 'Sword & Sorcery', 'Adventure', 'Drama', 'Fantasy']",178.0,Peter Jackson,93000000.0,"['Elijah Wood', 'Ian McKellen', 'Orlando Bloom']",2.39
Властелин колец: Возвращение короля,2003.0,9.0,12+,4300,302,94,2100000.0,"['Action Epic', 'Adventure Epic', 'Epic', 'Fantasy Epic', 'Mountain Adventure', 'Quest', 'Sword & Sorcery', 'Tragedy', 'Adventure', 'Drama']",201.0,Peter Jackson,94000000.0,"['Elijah Wood', 'Viggo Mortensen', 'Ian McKellen']",2.39
Тёмный рыцарь: Возрождение легенды,2012.0,8.4,12+,4000,533,78,1900000.0,"['Action Epic', 'Epic', 'Superhero', 'Action', 'Crime', 'Drama', 'Thriller']",164.0,Christopher Nolan,250000000.0,"['Christian Bale', 'Tom Hardy', 'Anne Hathaway']",1.78
Семь,1995.0,8.6,18+,2100,176,65,1900000.0,"['Cop Drama', 'Hard-boiled Detective', 'Legal Drama', 'Police Procedural', 'Psychological Drama', 'Psychological Thriller', 'Serial Killer', 'Tragedy', 'Crime', 'Drama']",127.0,David Fincher,33000000.0,"['Morgan Freeman', 'Brad Pitt', 'Kevin Spacey']",2.39
Властелин колец: Две крепости,2002.0,8.8,12+,2800,187,87,1900000.0,"['Action Epic', 'Adventure Epic', 'Dark Fantasy', 'Epic', 'Fantasy Epic', 'Quest', 'Sword & Sorcery', 'Adventure', 'Drama', 'Fantasy']",179.0,Peter Jackson,94000000.0,"['Elijah Wood', 'Ian McKellen', 'Viggo Mortensen']",2.39
Джанго освобождённый,2012.0,8.5,18+,1900,669,81,1800000.0,"['Dark Comedy', 'Epic', 'One-Person Army Action', 'Period Drama', 'Western Epic', 'Western']",165.0,Quentin Tarantino,100000000.0,"['Jamie Foxx', 'Christoph Waltz', 'Leonardo DiCaprio']",2.39
Гладиатор,2000.0,8.5,18+,3100,179,67,1800000.0,"['Action Epic', 'Adventure Epic', 'Epic', 'Period Drama', 'Sword & Sandal', 'Action', 'Adventure', 'Drama']",155.0,Ridley Scott,103000000.0,"['Russell Crowe', 'Joaquin Phoenix', 'Connie Nielsen']",2.39
Волк с Уолл-стрит,2013.0,8.2,18+,1900,441,75,1700000.0,"['Dark Comedy', 'Docudrama', 'Epic', 'Raunchy Comedy', 'Satire', 'True Crime', 'Biography', 'Comedy', 'Crime', 'Drama']",180.0,Martin Scorsese,100000000.0,"['Leonardo DiCaprio', 'Jonah Hill', 'Margot Robbie']",2.39
Бесславные ублюдки,2009.0,8.4,18+,2200,422,69,1700000.0,"['Dark Comedy', 'Period Drama', 'Adventure', 'Drama', 'War']",153.0,Quentin Tarantino,70000000.0,"['Brad Pitt', 'Diane Kruger', 'Eli Roth']",2.39
Бэтмен: Начало,2005.0,8.2,12+,3200,351,70,1600000.0,"['Action Epic', 'Epic', 'Superhero', 'Tragedy', 'Action', 'Crime', 'Drama', 'Thriller']",140.0,Christopher Nolan,150000000.0,"['Christian Bale', 'Michael Caine', 'Ken Watanabe']",2.39
Молчание ягнят,1991.0,8.6,18+,1800,262,86,1600000.0,"['Police Procedural', 'Psychological Drama', 'Psychological Horror', 'Psychological Thriller', 'Serial Killer', 'Slasher Horror', 'Crime', 'Drama', 'Horror', 'Thriller']",118.0,Jonathan Demme,19000000.0,"['Jodie Foster', 'Anthony Hopkins', 'Scott Glenn']",1.85
Джокер,2019.0,8.3,18+,11600,722,59,1600000.0,"['Psychological Drama', 'Psychological Thriller', 'Tragedy', 'Crime', 'Drama', 'Thriller']",122.0,Todd Phillips,55000000.0,"['Joaquin Phoenix', 'Robert De Niro', 'Zazie Beetz']",1.85
Спасти рядового Райана,1998.0,8.6,16+,3000,162,91,1600000.0,"['Epic', 'Period Drama', 'War Epic', 'Drama', 'War']",169.0,Steven Spielberg,70000000.0,"['Tom Hanks', 'Matt Damon', 'Tom Sizemore']",1.85
Остров проклятых,2010.0,8.2,16+,1700,298,63,1500000.0,"['Psychological Thriller', 'Suspense Mystery', 'Drama', 'Mystery', 'Thriller']",138.0,Martin Scorsese,80000000.0,"['Leonardo DiCaprio', 'Emily Mortimer', 'Mark Ruffalo']",2.39
Список Шиндлера,1993.0,9.0,16+,2300,139,95,1500000.0,"['Docudrama', 'Epic', 'Historical Epic', 'Period Drama', 'Prison Drama', 'Tragedy', 'Biography', 'Drama', 'History']",195.0,Steven Spielberg,22000000.0,"['Liam Neeson', 'Ralph Fiennes', 'Ben Kingsley']",1.85
Престиж,2006.0,8.5,12+,1800,376,66,1500000.0,"['Period Drama', 'Steampunk', 'Tragedy', 'Drama', 'Mystery', 'Sci-Fi', 'Thriller']",130.0,Christopher Nolan,40000000.0,"['Christian Bale', 'Hugh Jackman', 'Scarlett Johansson']",2.39
Звёздные войны,1977.0,8.6,0+,2200,209,90,1500000.0,"['Action Epic', 'Adventure Epic', 'Dystopian Sci-Fi', 'Epic', 'Fantasy Epic', 'Quest', 'Sci-Fi Epic', 'Space Sci-Fi', 'Sword & Sorcery', 'Action']",121.0,George Lucas,11000000.0,"['Mark Hamill', 'Harrison Ford', 'Carrie Fisher']",2.35
Мстители,2012.0,8.0,12+,2100,722,69,1500000.0,"['Action Epic', 'Alien Invasion', 'Superhero', 'Action', 'Sci-Fi']",143.0,Joss Whedon,220000000.0,"['Robert Downey Jr.', 'Chris Evans', 'Scarlett Johansson']",1.85
Отступники,2006.0,8.5,16+,2600,290,85,1500000.0,"['Cop Drama', 'Epic', 'Gangster', 'Crime', 'Drama', 'Thriller']",151.0,Martin Scorsese,90000000.0,"['Leonardo DiCaprio', 'Matt Damon', 'Jack Nicholson']",2.39
Зелёная миля,1999.0,8.6,14+,2200,113,61,1500000.0,"['Period Drama', 'Prison Drama', 'Supernatural Fantasy', 'Tragedy', 'Crime', 'Drama', 'Fantasy', 'Mystery']",189.0,Frank Darabont,60000000.0,"['Tom Hanks', 'Michael Clarke Duncan', 'David Morse']",1.85
Unknown,,,Unknown,0,0,0,,[],,Unknown,,[],
Аватар,2009.0,7.9,12+,3900,387,83,1400000.0,"['Action Epic', 'Adventure Epic', 'Fantasy Epic', 'Sci-Fi Epic', 'Action', 'Adventure', 'Fantasy', 'Sci-Fi']",162.0,James Cameron,237000000.0,"['Sam Worthington', 'Zoe Saldaña', 'Sigourney Weaver']",
Крестный отец 2,1974.0,9.0,16+,1400,155,90,1400000.0,"['Epic', 'Gangster', 'Tragedy', 'Crime', 'Drama']",202.0,Francis Ford Coppola,13000000.0,"['Al Pacino', 'Robert De Niro', 'Robert Duvall']",1.85
Помни,2000.0,8.4,16+,2600,235,83,1400000.0,"['Psychological Thriller', 'Suspense Mystery', 'Mystery', 'Thriller']",113.0,Christopher Nolan,9000000.0,"['Guy Pearce', 'Carrie-Anne Moss', 'Joe Pantoliano']",2.39
Назад в будущее,1985.0,8.5,12+,1600,177,87,1400000.0,"['High-Concept Comedy', 'Teen Adventure', 'Teen Comedy', 'Time Travel', 'Urban Adventure', 'Adventure', 'Comedy', 'Sci-Fi']",116.0,Robert Zemeckis,19000000.0,"['Michael J. Fox', 'Christopher Lloyd', 'Lea Thompson']",
Мстители: Финал,2019.0,8.4,16+,9600,485,78,1400000.0,"['Space Sci-Fi', 'Superhero', 'Time Travel', 'Tragedy', 'Action', 'Adventure', 'Sci-Fi']",181.0,Anthony Russo,356000000.0,"['Robert Downey Jr.', 'Chris Evans', 'Mark Ruffalo']",
Титаник,1997.0,7.9,12+,3400,231,75,1300000.0,"['Disaster', 'Epic', 'Period Drama', 'Romantic Epic', 'Tragedy', 'Tragic Romance', 'Drama', 'Romance']",194.0,James Cameron,200000000.0,"['Leonardo DiCaprio', 'Kate Winslet', 'Billy Zane']",
Славные парни,1990.0,8.7,16+,1700,147,92,1300000.0,"['Docudrama', 'Gangster', 'True Crime', 'Biography', 'Crime', 'Drama']",145.0,Martin Scorsese,25000000.0,"['Robert De Niro', 'Ray Liotta', 'Joe Pesci']",1.85
Стражи Галактики,2014.0,8.0,12+,1600,476,76,1300000.0,"['Quest', 'Space Sci-Fi', 'Superhero', 'Action', 'Adventure', 'Comedy', 'Sci-Fi']",121.0,James Gunn,170000000.0,"['Chris Pratt', 'Vin Diesel', 'Bradley Cooper']",
Леон,1994.0,8.5,16+,1500,135,64,1300000.0,"['Gangster', 'One-Person Army Action', 'Action', 'Crime', 'Drama', 'Thriller']",110.0,Luc Besson,16000000.0,"['Jean Reno', 'Gary Oldman', 'Natalie Portman']",2.39
Мстители: Война бесконечности,2018.0,8.4,16+,4600,479,68,1300000.0,"['Space Sci-Fi', 'Superhero', 'Action', 'Adventure', 'Sci-Fi']",149.0,Anthony Russo,321000000.0,"['Robert Downey Jr.', 'Chris Hemsworth', 'Mark Ruffalo']",
Шоу Трумана,1998.0,8.2,0+,1500,218,90,1300000.0,"['Dark Comedy', 'High-Concept Comedy', 'Psychological Drama', 'Satire', 'Showbiz Drama', 'Comedy', 'Drama']",103.0,Peter Weir,60000000.0,"['Jim Carrey', 'Ed Harris', 'Laura Linney']",1.66
Пираты Карибского моря: Проклятие Чёрной жемчужины,2003.0,8.1,12+,2400,195,63,1300000.0,"['Sea Adventure', 'Supernatural Fantasy', 'Swashbuckler', 'Sword & Sandal', 'Action', 'Adventure', 'Fantasy']",143.0,Gore Verbinski,140000000.0,"['Johnny Depp', 'Geoffrey Rush', 'Orlando Bloom']",2.39
ВАЛЛ·И,2008.0,8.4,0+,1500,246,95,1300000.0,"['Adventure Epic', 'Artificial Intelligence', 'Computer Animation', 'Dystopian Sci-Fi', 'Psychological Drama', 'Space Sci-Fi', 'Adventure', 'Animation', 'Family', 'Sci-Fi']",98.0,Andrew Stanton,180000000.0,"['Ben Burtt', 'Elissa Knight', 'Jeff Garlin']",2.39
Убить Билла. Фильм 1,2003.0,8.2,16+,2500,208,69,1300000.0,"['Kung Fu', 'Martial Arts', 'One-Person Army Action', 'Action', 'Crime', 'Thriller']",111.0,Quentin Tarantino,30000000.0,"['Uma Thurman', 'David Carradine', 'Daryl Hannah']",2.39
Красота по-американски,1999.0,8.3,16+,3100,208,84,1200000.0,"['Psychological Drama', 'Tragedy', 'Drama']",122.0,Sam Mendes,15000000.0,"['Kevin Spacey', 'Annette Bening', 'Thora Birch']",2.39
Терминатор 2: Судный день,1991.0,8.6,16+,1600,224,75,1200000.0,"['Action Epic', 'Artificial Intelligence', 'Cyberpunk', 'Dystopian Sci-Fi', 'Sci-Fi Epic', 'Time Travel', 'Action', 'Adventure', 'Sci-Fi']",137.0,James Cameron,102000000.0,"['Arnold Schwarzenegger', 'Linda Hamilton', 'Edward Furlong']",2.39
Американская история Икс,1998.0,8.5,16+,1700,129,62,1200000.0,"['Prison Drama', 'Psychological Drama', 'Tragedy', 'Crime', 'Drama']",119.0,Tony Kaye,20000000.0,"['Edward Norton', 'Edward Furlong', ""Beverly D'Angelo""]",1.85
«V» значит Вендетта,2005.0,8.1,16+,2500,205,62,1200000.0,"['Dystopian Sci-Fi', 'Political Thriller', 'Superhero', 'Action', 'Drama', 'Sci-Fi', 'Thriller']",132.0,James McTeigue,54000000.0,"['Hugo Weaving', 'Natalie Portman', 'Rupert Graves']",2.35
Дэдпул,2016.0,8.0,18+,1700,679,65,1200000.0,"['Dark Comedy', 'Gun Fu', 'Raunchy Comedy', 'Superhero', 'Action', 'Comedy', 'Sci-Fi']",108.0,Tim Miller,58000000.0,"['Ryan Reynolds', 'Morena Baccarin', 'T.J. Miller']",2.39
Король Лев,1994.0,8.5,0+,1300,229,88,1200000.0,"['Animal Adventure', 'Coming-of-Age', 'Hand-Drawn Animation', 'Jungle Adventure', 'Adventure', 'Animation', 'Drama', 'Family', 'Fantasy', 'Musical']",88.0,Roger Allers,45000000.0,"['Matthew Broderick', 'Jeremy Irons', 'James Earl Jones']",
Подозрительные лица,1995.0,8.5,16+,1500,150,76,1200000.0,"['Caper', 'Gangster', 'Heist', 'Psychological Drama', 'Psychological Thriller', 'Suspense Mystery', 'Whodunnit', 'Crime', 'Drama', 'Mystery']",106.0,Bryan Singer,6000000.0,"['Kevin Spacey', 'Gabriel Byrne', 'Chazz Palminteri']",2.39
Вверх,2009.0,8.3,0+,1100,419,88,1200000.0,"['Coming-of-Age', 'Computer Animation', 'Globetrotting Adventure', 'Adventure', 'Animation', 'Comedy', 'Drama', 'Family']",96.0,Pete Docter,175000000.0,"['Edward Asner', 'Jordan Nagai', 'John Ratzenberger']",1.85
Железный человек,2008.0,7.9,12+,1600,556,79,1200000.0,"['Sci-Fi Epic', 'Superhero', 'Action', 'Adventure', 'Sci-Fi']",126.0,Jon Favreau,140000000.0,"['Robert Downey Jr.', 'Gwyneth Paltrow', 'Terrence Howard']",2.39
Сияние,1980.0,8.4,18+,2300,400,68,1200000.0,"['Psychological Drama', 'Psychological Horror', 'Supernatural Horror', 'Drama', 'Horror']",146.0,Stanley Kubrick,19000000.0,"['Jack Nicholson', 'Shelley Duvall', 'Danny Lloyd']",
Безумный Макс: Дорога ярости,2015.0,8.1,16+,2400,833,90,1200000.0,"['Action Epic', 'Adventure Epic', 'Car Action', 'Desert Adventure', 'Dystopian Sci-Fi', 'Epic', 'Quest', 'Road Trip', 'Action', 'Adventure']",120.0,George Miller,150000000.0,"['Tom Hardy', 'Charlize Theron', 'Nicholas Hoult']",2.39
Звёздные войны: Эпизод 6 - Возвращение Джедая,1983.0,8.3,0+,1000,163,58,1200000.0,"['Action Epic', 'Adventure Epic', 'Dark Fantasy', 'Dystopian Sci-Fi', 'Epic', 'Fantasy Epic', 'Globetrotting Adventure', 'Quest', 'Sci-Fi Epic', 'Space Sci-Fi']",131.0,Richard Marquand,32500000.0,"['Mark Hamill', 'Harrison Ford', 'Carrie Fisher']",2.39
"Поймай меня, если сможешь",2002.0,8.1,12+,1000,203,75,1200000.0,"['Caper', 'Coming-of-Age', 'Docudrama', 'Globetrotting Adventure', 'Period Drama', 'True Crime', 'Biography', 'Crime', 'Drama']",141.0,Steven Spielberg,52000000.0,"['Leonardo DiCaprio', 'Tom Hanks', 'Christopher Walken']",1.85
В поисках Немо,2003.0,8.2,0+,1100,148,90,1200000.0,"['Animal Adventure', 'Buddy Comedy', 'Computer Animation', 'Quest', 'Sea Adventure', 'Adventure', 'Animation', 'Comedy', 'Family']",100.0,Andrew Stanton,94000000.0,"['Albert Brooks', 'Ellen DeGeneres', 'Alexander Gould']",
Умница Уилл Хантинг,1997.0,8.3,16+,1100,172,71,1100000.0,"['Coming-of-Age', 'Psychological Drama', 'Drama', 'Romance']",126.0,Gus Van Sant,10000000.0,"['Robin Williams', 'Matt Damon', 'Ben Affleck']",1.85
Вечное сияние чистого разума,2004.0,8.3,16+,2200,315,89,1100000.0,"['Dark Romance', 'Psychological Drama', 'Drama', 'Romance', 'Sci-Fi']",108.0,Michel Gondry,20000000.0,"['Jim Carrey', 'Kate Winslet', 'Tom Wilkinson']",1.85
Бешеные псы,1992.0,8.3,18+,1400,153,81,1100000.0,"['Gangster', 'Heist', 'Crime', 'Thriller']",99.0,Quentin Tarantino,1200000.0,"['Harvey Keitel', 'Tim Roth', 'Michael Madsen']",2.35
Храброе сердце,1995.0,8.3,16+,1500,92,68,1100000.0,"['Action Epic', 'Costume Drama', 'Epic', 'Period Drama', 'War Epic', 'Biography', 'Drama', 'War']",178.0,Mel Gibson,72000000.0,"['Mel Gibson', 'Sophie Marceau', 'Patrick McGoohan']",2.39
История игрушек,1995.0,8.3,6+,822,174,96,1100000.0,"['Buddy Comedy', 'Computer Animation', 'Supernatural Fantasy', 'Urban Adventure', 'Adventure', 'Animation', 'Comedy', 'Family', 'Fantasy']",81.0,John Lasseter,30000000.0,"['Tom Hanks', 'Tim Allen', 'Don Rickles']",
Старикам тут не место,2007.0,8.2,16+,2200,462,92,1100000.0,"['Contemporary Western', 'Psychological Thriller', 'Serial Killer', 'Crime', 'Drama', 'Thriller']",122.0,Ethan Coen,25000000.0,"['Tommy Lee Jones', 'Javier Bardem', 'Josh Brolin']",2.39
Исчезнувшая,2014.0,8.1,18+,1800,644,79,1100000.0,"['Erotic Thriller', 'Psychological Drama', 'Psychological Thriller', 'Suspense Mystery', 'Tragedy', 'Whodunnit', 'Drama', 'Mystery', 'Thriller']",149.0,David Fincher,61000000.0,"['Ben Affleck', 'Rosamund Pike', 'Neil Patrick Harris']",2.39
Парк юрского периода,1993.0,8.2,6+,1500,226,68,1100000.0,"['Dinosaur Adventure', 'Jungle Adventure', 'Action', 'Adventure', 'Sci-Fi', 'Thriller']",127.0,Steven Spielberg,63000000.0,"['Sam Neill', 'Laura Dern', 'Jeff Goldblum']",1.85
Unknown,,,Unknown,0,0,0,,[],,Unknown,,[],
Шестое чувство,1999.0,8.2,12+,2400,242,64,1100000.0,"['Psychological Drama', 'Psychological Thriller', 'Suspense Mystery', 'Drama', 'Mystery', 'Thriller']",107.0,M. Night Shyamalan,40000000.0,"['Bruce Willis', 'Haley Joel Osment', 'Toni Collette']",1.85
Индиана Джонс: В поисках утраченного ковчега,1981.0,8.4,0+,1200,222,86,1100000.0,"['Adventure Epic', 'Desert Adventure', 'Globetrotting Adventure', 'Quest', 'Action', 'Adventure']",115.0,Steven Spielberg,18000000.0,"['Harrison Ford', 'Karen Allen', 'Paul Freeman']",2.39
Одержимость,2014.0,8.5,16+,1800,548,89,1100000.0,"['Psychological Drama', 'Drama', 'Music']",106.0,Damien Chazelle,3300000.0,"['Miles Teller', 'J.K. Simmons', 'Melissa Benoist']",2.39
Паразиты,2019.0,8.5,18+,3700,608,97,1100000.0,"['Dark Comedy', 'Korean Drama', 'Psychological Thriller', 'Tragedy', 'Drama', 'Thriller']",132.0,Bong Joon Ho,11400000.0,"['Song Kang-ho', 'Lee Sun-kyun', 'Cho Yeo-jeong']",2.39
Голодные игры,2012.0,7.2,14+,2200,458,68,1000000.0,"['Dystopian Sci-Fi', 'Teen Adventure', 'Action', 'Adventure', 'Sci-Fi', 'Thriller']",142.0,Gary Ross,78000000.0,"['Jennifer Lawrence', 'Josh Hutcherson', 'Liam Hemsworth']",2.39
Корпорация монстров,2001.0,8.1,6+,828,250,79,1000000.0,"['Buddy Comedy', 'Computer Animation', 'Satire', 'Slapstick', 'Supernatural Fantasy', 'Urban Adventure', 'Adventure', 'Animation', 'Comedy', 'Family']",92.0,Pete Docter,115000000.0,"['Billy Crystal', 'John Goodman', 'Mary Gibbs']",1.85
Игры разума,2001.0,8.2,12+,1400,164,72,1000000.0,"['Docudrama', 'Period Drama', 'Psychological Drama', 'Biography', 'Drama', 'Mystery']",135.0,Ron Howard,58000000.0,"['Russell Crowe', 'Ed Harris', 'Jennifer Connelly']",1.85
Чужой,1979.0,8.5,18+,1900,290,89,1000000.0,"['Alien Invasion', 'Cyberpunk', 'Monster Horror', 'Space Sci-Fi', 'Tragedy', 'Horror', 'Sci-Fi']",117.0,Ridley Scott,11000000.0,"['Sigourney Weaver', 'Tom Skerritt', 'John Hurt']",2.39
Звёздные войны: Пробуждение Силы,2015.0,7.8,12+,4800,908,80,1000000.0,"['Action Epic', 'Adventure Epic', 'Globetrotting Adventure', 'Quest', 'Sci-Fi Epic', 'Space Sci-Fi', 'Action', 'Adventure', 'Sci-Fi']",138.0,J.J. Abrams,245000000.0,"['Daisy Ridley', 'John Boyega', 'Oscar Isaac']",2.39
Гарри Поттер и Дары смерти: Часть II,2011.0,8.1,12+,1100,275,85,998000.0,"['Dark Fantasy', 'Fantasy Epic', 'Teen Adventure', 'Teen Fantasy', 'Adventure', 'Family', 'Fantasy', 'Mystery']",130.0,David Yates,125000000.0,"['Daniel Radcliffe', 'Emma Watson', 'Rupert Grint']",2.39
Крепкий орешек,1988.0,8.2,16+,1200,205,72,990000.0,"['Disaster', 'One-Person Army Action', 'Action', 'Holiday', 'Thriller']",132.0,John McTiernan,28000000.0,"['Bruce Willis', 'Alan Rickman', 'Bonnie Bedelia']",2.39
Таксист,1976.0,8.2,18+,1600,197,94,979000.0,"['Psychological Drama', 'Crime', 'Drama']",114.0,Martin Scorsese,1300000.0,"['Robert De Niro', 'Jodie Foster', 'Cybill Shepherd']",1.85
1+1,2011.0,8.5,14+,915,331,57,978000.0,"['Docudrama', 'Comedy', 'Drama']",112.0,Olivier Nakache,,"['François Cluzet', 'Omar Sy', 'Anne Le Ny']",1.85
Марсианин,2015.0,8.0,16+,1500,585,80,968000.0,"['Space Sci-Fi', 'Survival', 'Adventure', 'Drama', 'Sci-Fi']",144.0,Ridley Scott,108000000.0,"['Matt Damon', 'Jessica Chastain', 'Kristen Wiig']",2.39
Пианист,2002.0,8.5,16+,1100,149,85,968000.0,"['Docudrama', 'Epic', 'Period Drama', 'Tragedy', 'War Epic', 'Biography', 'Drama', 'Music', 'War']",150.0,Roman Polanski,35000000.0,"['Adrien Brody', 'Thomas Kretschmann', 'Frank Finlay']",1.85
Лицо со шрамом,1983.0,8.3,18+,1300,192,65,966000.0,"['Drug Crime', 'Epic', 'Gangster', 'Tragedy', 'Crime', 'Drama']",170.0,Brian De Palma,50000000.0,"['Al Pacino', 'Michelle Pfeiffer', 'Steven Bauer']",2.39
Терминатор,1984.0,8.1,16+,1100,229,84,965000.0,"['Artificial Intelligence', 'Cyberpunk', 'Dystopian Sci-Fi', 'Time Travel', 'Urban Adventure', 'Action', 'Adventure', 'Sci-Fi']",107.0,James Cameron,6400000.0,"['Arnold Schwarzenegger', 'Linda Hamilton', 'Michael Biehn']",1.85
Мстители: Эра Альтрона,2015.0,7.3,12+,1400,456,66,960000.0,"['Artificial Intelligence', 'Superhero', 'Urban Adventure', 'Action', 'Adventure', 'Sci-Fi']",141.0,Joss Whedon,250000000.0,"['Robert Downey Jr.', 'Chris Evans', 'Mark Ruffalo']",2.39
Дюна,2021.0,8.0,12+,6000,549,74,957000.0,"['Desert Adventure', 'Sci-Fi Epic', 'Space Sci-Fi', 'Action', 'Adventure', 'Drama', 'Sci-Fi']",155.0,Denis Villeneuve,165000000.0,"['Timothée Chalamet', 'Rebecca Ferguson', 'Zendaya']",2.39
Человек-паук: Нет пути домой,2021.0,8.2,12+,6100,442,71,952000.0,"['Superhero', 'Supernatural Fantasy', 'Urban Adventure', 'Action', 'Adventure', 'Fantasy', 'Sci-Fi']",148.0,Jon Watts,200000000.0,"['Tom Holland', 'Zendaya', 'Benedict Cumberbatch']",
Большой куш,2000.0,8.2,16+,987,115,55,946000.0,"['Caper', 'Dark Comedy', 'Gangster', 'Comedy', 'Crime']",104.0,Guy Ritchie,,"['Jason Statham', 'Brad Pitt', 'Stephen Graham']",1.85
Реквием по мечте,2000.0,8.3,18+,2500,198,71,939000.0,"['Psychological Drama', 'Tragedy', 'Drama']",102.0,Darren Aronofsky,4500000.0,"['Ellen Burstyn', 'Jared Leto', 'Jennifer Connelly']",1.85
Первый мститель: Другая война,2014.0,7.7,12+,1200,585,70,935000.0,"['Conspiracy Thriller', 'Political Thriller', 'Superhero', 'Urban Adventure', 'Action', 'Adventure', 'Sci-Fi', 'Thriller']",136.0,Anthony Russo,170000000.0,"['Chris Evans', 'Samuel L. Jackson', 'Scarlett Johansson']",2.39
Тор,2011.0,7.0,12+,1100,561,57,933000.0,"['Superhero', 'Supernatural Fantasy', 'Action', 'Fantasy']",115.0,Kenneth Branagh,150000000.0,"['Chris Hemsworth', 'Anthony Hopkins', 'Natalie Portman']",2.39
Первый мститель,2011.0,6.9,12+,1100,535,66,933000.0,"['Sci-Fi Epic', 'Superhero', 'Action', 'Adventure', 'Sci-Fi']",124.0,Joe Johnston,140000000.0,"['Chris Evans', 'Hugo Weaving', 'Samuel L. Jackson']",2.39
Железный человек 3,2013.0,7.1,12+,1500,655,62,932000.0,"['Superhero', 'Urban Adventure', 'Action', 'Adventure', 'Sci-Fi']",130.0,Shane Black,200000000.0,"['Robert Downey Jr.', 'Guy Pearce', 'Gwyneth Paltrow']",2.39
История игрушек: Большой побег,2010.0,8.3,0+,1000,475,92,932000.0,"['Computer Animation', 'Supernatural Fantasy', 'Urban Adventure', 'Adventure', 'Animation', 'Comedy', 'Family', 'Fantasy']",103.0,Lee Unkrich,200000000.0,"['Tom Hanks', 'Tim Allen', 'Joan Cusack']",1.78
Отель «Гранд Будапешт»,2014.0,8.1,16+,1100,525,88,927000.0,"['Quirky Comedy', 'Comedy', 'Drama']",99.0,Wes Anderson,25000000.0,"['Ralph Fiennes', 'F. Murray Abraham', 'Mathieu Amalric']",
12 разгневанных мужчин,1957.0,9.0,16+,2300,174,97,925000.0,"['Legal Drama', 'Psychological Drama', 'Crime', 'Drama']",96.0,Sidney Lumet,350000.0,"['Henry Fonda', 'Lee J. Cobb', 'Martin Balsam']",1.85
Человек-паук,2002.0,7.4,12+,2400,341,73,924000.0,"['Superhero', 'Urban Adventure', 'Action', 'Adventure', 'Sci-Fi']",121.0,Sam Raimi,139000000.0,"['Tobey Maguire', 'Kirsten Dunst', 'Willem Dafoe']",
Заводной апельсин,1971.0,8.2,18+,1700,308,77,912000.0,"['Dark Comedy', 'Dystopian Sci-Fi', 'Crime', 'Sci-Fi']",136.0,Stanley Kubrick,2200000.0,"['Malcolm McDowell', 'Patrick Magee', 'Michael Bates']",1.66
Выживший,2015.0,8.0,18+,1900,630,76,911000.0,"['Epic', 'Period Drama', 'Survival', 'Western Epic', 'Adventure', 'Drama', 'Western']",156.0,Alejandro G. Iñárritu,135000000.0,"['Leonardo DiCaprio', 'Tom Hardy', 'Will Poulter']",2.39
Унесённые призраками,2001.0,8.6,12+,1700,226,96,910000.0,"['Anime', 'Coming-of-Age', 'Fairy Tale', 'Hand-Drawn Animation', 'Quest', 'Supernatural Fantasy', 'Adventure', 'Animation', 'Family', 'Fantasy']",124.0,Hayao Miyazaki,19000000.0,"['Daveigh Chase', 'Suzanne Pleshette', 'Miyu Irino']",1.85
Однажды в... Голливуде,2019.0,7.6,18+,5900,682,84,909000.0,"['Period Drama', 'Showbiz Drama', 'Comedy', 'Drama']",161.0,Quentin Tarantino,90000000.0,"['Leonardo DiCaprio', 'Brad Pitt', 'Margot Robbie']",2.39
Гарри Поттер и философский камень,2001.0,7.7,12+,2000,154,65,904000.0,"['Teen Fantasy', 'Adventure', 'Family', 'Fantasy', 'Holiday']",152.0,Chris Columbus,125000000.0,"['Daniel Radcliffe', 'Rupert Grint', 'Emma Watson']",2.39
Железный человек 2,2010.0,6.9,12+,1000,508,57,903000.0,"['Sci-Fi Epic', 'Superhero', 'Action', 'Sci-Fi']",124.0,Jon Favreau,200000000.0,"['Robert Downey Jr.', 'Mickey Rourke', 'Gwyneth Paltrow']",2.39
Хоббит: Нежданное путешествие,2012.0,7.8,12+,1500,370,58,903000.0,"['Adventure Epic', 'Fantasy Epic', 'Mountain Adventure', 'Quest', 'Sword & Sorcery', 'Adventure', 'Fantasy']",169.0,Peter Jackson,180000000.0,"['Martin Freeman', 'Ian McKellen', 'Richard Armitage']",2.39
Миллионер из трущоб,2008.0,8.0,14+,1200,241,84,895000.0,"['Coming-of-Age', 'Teen Drama', 'Crime', 'Drama', 'Romance']",120.0,Danny Boyle,15000000.0,"['Dev Patel', 'Freida Pinto', 'Saurabh Shukla']",2.35
Звёздные войны: Эпизод I - Скрытая угроза,1999.0,6.5,0+,4100,352,51,892000.0,"['Action Epic', 'Adventure Epic', 'Fantasy Epic', 'Quest', 'Sci-Fi Epic', 'Space Sci-Fi', 'Action', 'Adventure', 'Fantasy', 'Sci-Fi']",136.0,George Lucas,115000000.0,"['Ewan McGregor', 'Liam Neeson', 'Natalie Portman']",2.39
Оппенгеймер,2023.0,8.3,18+,4400,497,90,891000.0,"['Docudrama', 'Epic', 'Historical Epic', 'Period Drama', 'Psychological Drama', 'Biography', 'Drama', 'History']",180.0,Christopher Nolan,100000000.0,"['Cillian Murphy', 'Emily Blunt', 'Matt Damon']",
300 спартанцев,2006.0,7.6,16+,2700,479,52,891000.0,"['Action Epic', 'Epic', 'Sword & Sandal', 'Action', 'Drama']",117.0,Zack Snyder,65000000.0,"['Gerard Butler', 'Lena Headey', 'David Wenham']",2.35
Большой Лебовски,1998.0,8.1,18+,1500,205,71,890000.0,"['Buddy Comedy', 'Drug Crime', 'Satire', 'Stoner Comedy', 'Comedy', 'Crime']",117.0,Joel Coen,15000000.0,"['Jeff Bridges', 'John Goodman', 'Julianne Moore']",1.85
Логан,2017.0,8.1,18+,1800,658,77,890000.0,"['Dystopian Sci-Fi', 'Road Trip', 'Superhero', 'Action', 'Drama', 'Sci-Fi', 'Thriller']",137.0,James Mangold,97000000.0,"['Hugh Jackman', 'Patrick Stewart', 'Dafne Keen']",2.39
Первый мститель: Противостояние,2016.0,7.8,12+,1600,668,75,889000.0,"['Superhero', 'Action', 'Sci-Fi']",147.0,Anthony Russo,250000000.0,"['Chris Evans', 'Robert Downey Jr.', 'Scarlett Johansson']",2.39
Мальчишник в Вегасе,2009.0,7.7,18+,864,337,73,887000.0,"['Raunchy Comedy', 'Comedy']",100.0,Todd Phillips,35000000.0,"['Zach Galifianakis', 'Bradley Cooper', 'Justin Bartha']",2.39
Рататуй,2007.0,8.1,0+,948,260,96,885000.0,"['Animal Adventure', 'Computer Animation', 'Satire', 'Adventure', 'Animation', 'Comedy', 'Family', 'Fantasy']",111.0,Brad Bird,150000000.0,"['Brad Garrett', 'Lou Romano', 'Patton Oswalt']",2.39
Звёздные войны: Эпизод III - Месть ситхов,2005.0,7.6,12+,3900,408,68,884000.0,"['Action Epic', 'Adventure Epic', 'Dark Fantasy', 'Epic', 'Fantasy Epic', 'Sci-Fi Epic', 'Space Sci-Fi', 'Tragedy', 'Action', 'Adventure']",140.0,George Lucas,113000000.0,"['Hayden Christensen', 'Natalie Portman', 'Ewan McGregor']",2.39
Донни Дарко,2001.0,8.0,18+,2500,249,88,882000.0,"['Psychological Drama', 'Psychological Thriller', 'Time Travel', 'Drama', 'Mystery', 'Sci-Fi', 'Thriller']",113.0,Richard Kelly,6000000.0,"['Jake Gyllenhaal', 'Jena Malone', 'Mary McDonnell']",2.35
Гравитация,2013.0,7.7,12+,2300,802,96,882000.0,"['Disaster', 'Sci-Fi Epic', 'Space Sci-Fi', 'Survival', 'Drama', 'Sci-Fi', 'Thriller']",91.0,Alfonso Cuarón,100000000.0,"['Sandra Bullock', 'George Clooney', 'Ed Harris']",2.39
Чёрная Пантера,2018.0,7.3,16+,3500,459,88,875000.0,"['Superhero', 'Action', 'Adventure', 'Sci-Fi']",134.0,Ryan Coogler,200000000.0,"['Chadwick Boseman', 'Michael B. Jordan', ""Lupita Nyong'o""]",2.39
Пленницы,2013.0,8.2,16+,1300,510,70,872000.0,"['Psychological Thriller', 'Suspense Mystery', 'Crime', 'Drama', 'Mystery', 'Thriller']",153.0,Denis Villeneuve,46000000.0,"['Hugh Jackman', 'Jake Gyllenhaal', 'Viola Davis']",1.78
Бэтмен,2022.0,7.8,16+,8200,553,72,871000.0,"['Action Epic', 'Epic', 'Serial Killer', 'Superhero', 'Action', 'Crime', 'Drama', 'Mystery', 'Thriller']",176.0,Matt Reeves,185000000.0,"['Robert Pattinson', 'Zoë Kravitz', 'Jeffrey Wright']",2.39
Головоломка,2015.0,8.1,6+,1300,504,94,867000.0,"['Coming-of-Age', 'Computer Animation', 'Adventure', 'Animation', 'Comedy', 'Drama', 'Family', 'Fantasy']",95.0,Pete Docter,175000000.0,"['Amy Poehler', 'Bill Hader', 'Lewis Black']",1.85
Чёрный лебедь,2010.0,8.0,16+,1500,693,79,859000.0,"['Psychological Drama', 'Psychological Thriller', 'Showbiz Drama', 'Drama', 'Thriller']",108.0,Darren Aronofsky,13000000.0,"['Natalie Portman', 'Mila Kunis', 'Vincent Cassel']",2.35
Тор: Рагнарёк,2017.0,7.9,16+,1800,479,74,855000.0,"['Superhero', 'Action', 'Adventure', 'Comedy', 'Fantasy', 'Sci-Fi']",130.0,Taika Waititi,180000000.0,"['Chris Hemsworth', 'Tom Hiddleston', 'Cate Blanchett']",2.39
Суперсемейка,2004.0,8.0,12+,1000,246,90,855000.0,"['Computer Animation', 'Superhero', 'Action', 'Adventure', 'Animation', 'Family']",115.0,Brad Bird,92000000.0,"['Craig T. Nelson', 'Samuel L. Jackson', 'Holly Hunter']",2.39
Бегущий по лезвию,1982.0,8.1,14+,1800,331,84,854000.0,"['Artificial Intelligence', 'Cyber Thriller', 'Cyberpunk', 'Dystopian Sci-Fi', 'Action', 'Drama', 'Sci-Fi', 'Thriller']",117.0,Ridley Scott,28000000.0,"['Harrison Ford', 'Rutger Hauer', 'Sean Young']",2.39
Игра в имитацию,2014.0,8.0,12+,1000,398,71,853000.0,"['Period Drama', 'Psychological Drama', 'Tragedy', 'Biography', 'Drama', 'Thriller', 'War']",114.0,Morten Tyldum,14000000.0,"['Benedict Cumberbatch', 'Keira Knightley', 'Matthew Goode']",2.39
"Хороший, плохой, злой",1966.0,8.8,12+,1400,138,90,853000.0,"['Adventure Epic', 'Dark Comedy', 'Desert Adventure', 'Epic', 'Period Drama', 'Quest', 'Spaghetti Western', 'Western Epic', 'Adventure', 'Western']",161.0,Sergio Leone,1200000.0,"['Clint Eastwood', 'Eli Wallach', 'Lee Van Cleef']",2.35
Я легенда,2007.0,7.2,12+,1700,350,65,850000.0,"['Action Epic', 'Dystopian Sci-Fi', 'Psychological Drama', 'Survival', 'Tragedy', 'Zombie Horror', 'Drama', 'Horror', 'Sci-Fi', 'Thriller']",101.0,Francis Lawrence,150000000.0,"['Will Smith', 'Alice Braga', 'Charlie Tahan']",2.35
Как приручить дракона,2010.0,8.1,6+,790,196,75,844000.0,"['Computer Animation', 'Sword & Sorcery', 'Teen Fantasy', 'Action', 'Adventure', 'Animation', 'Family', 'Fantasy']",98.0,Dean DeBlois,165000000.0,"['Jay Baruchel', 'Gerard Butler', 'Christopher Mintz-Plasse']",2.39
Доктор Стрэндж,2016.0,7.5,12+,1200,494,72,843000.0,"['Superhero', 'Action', 'Adventure', 'Fantasy', 'Sci-Fi']",115.0,Scott Derrickson,165000000.0,"['Benedict Cumberbatch', 'Chiwetel Ejiofor', 'Rachel McAdams']",
Гран Торино,2008.0,8.1,16+,1100,377,73,839000.0,['Drama'],116.0,Clint Eastwood,33000000.0,"['Clint Eastwood', 'Bee Vang', 'Christopher Carley']",2.39
Индиана Джонс и последний крестовый поход,1989.0,8.2,0+,763,208,65,839000.0,"['Adventure Epic', 'Desert Adventure', 'Globetrotting Adventure', 'Quest', 'Action', 'Adventure']",127.0,Steven Spielberg,48000000.0,"['Harrison Ford', 'Sean Connery', 'Alison Doody']",2.39
Убить Билла. Фильм 2,2004.0,8.0,18+,1100,325,83,838000.0,"['Kung Fu', 'Martial Arts', 'One-Person Army Action', 'Action', 'Crime', 'Thriller']",137.0,Quentin Tarantino,30000000.0,"['Uma Thurman', 'David Carradine', 'Michael Madsen']",2.39
Город Бога,2002.0,8.6,16+,1200,223,79,837000.0,"['Caper', 'Coming-of-Age', 'Gangster', 'Crime', 'Drama']",130.0,Fernando Meirelles,,"['Alexandre Rodrigues', 'Leandro Firmino', 'Matheus Nachtergaele']",1.85
Человек из стали,2013.0,7.1,12+,3200,786,55,834000.0,"['Alien Invasion', 'Superhero', 'Urban Adventure', 'Action', 'Adventure', 'Sci-Fi']",143.0,Zack Snyder,225000000.0,"['Henry Cavill', 'Amy Adams', 'Michael Shannon']",2.35
Цельнометаллическая оболочка,1987.0,8.2,18+,1000,181,78,822000.0,"['Dark Comedy', 'Period Drama', 'Drama', 'War']",116.0,Stanley Kubrick,30000000.0,"['Matthew Modine', 'R. Lee Ermey', ""Vincent D'Onofrio""]",
Амели,2001.0,8.3,12+,1600,160,70,819000.0,"['Feel-Good Romance', 'Quirky Comedy', 'Romantic Comedy', 'Comedy', 'Romance']",122.0,Jean-Pierre Jeunet,10000000.0,"['Audrey Tautou', 'Mathieu Kassovitz', 'Rufus']",2.39
Прибытие,2016.0,7.9,16+,2400,764,81,817000.0,"['Alien Invasion', 'Psychological Drama', 'Sci-Fi Epic', 'Drama', 'Mystery', 'Sci-Fi']",116.0,Denis Villeneuve,47000000.0,"['Amy Adams', 'Jeremy Renner', 'Forest Whitaker']",2.39
Достать ножи,2019.0,7.9,16+,2900,519,82,817000.0,"['Cozy Mystery', 'Satire', 'Whodunnit', 'Comedy', 'Crime', 'Drama', 'Mystery', 'Thriller']",130.0,Rian Johnson,40000000.0,"['Daniel Craig', 'Chris Evans', 'Ana de Armas']",1.85
Чужие,1986.0,8.4,16+,1600,214,84,809000.0,"['Alien Invasion', 'Cyberpunk', 'Monster Horror', 'Space Sci-Fi', 'Survival', 'Tragedy', 'Action', 'Adventure', 'Horror', 'Sci-Fi']",137.0,James Cameron,18500000.0,"['Sigourney Weaver', 'Michael Biehn', 'Carrie Henn']",1.85
Город грехов,2005.0,8.0,16+,1800,216,74,808000.0,"['Serial Killer', 'Tragedy', 'Crime', 'Thriller']",124.0,Frank Miller,40000000.0,"['Mickey Rourke', 'Clive Owen', 'Bruce Willis']",1.85
Пираты Карибского моря: Сундук мертвеца,2006.0,7.4,12+,1900,328,53,797000.0,"['Adventure Epic', 'Sea Adventure', 'Swashbuckler', 'Action', 'Adventure', 'Fantasy']",151.0,Gore Verbinski,225000000.0,"['Johnny Depp', 'Orlando Bloom', 'Keira Knightley']",2.39
Стражи Галактики. Часть 2,2017.0,7.6,16+,1200,613,67,795000.0,"['Space Sci-Fi', 'Superhero', 'Action', 'Adventure', 'Comedy', 'Sci-Fi']",136.0,James Gunn,200000000.0,"['Chris Pratt', 'Zoe Saldaña', 'Dave Bautista']",2.39
Социальная сеть,2010.0,7.8,12+,1100,442,95,790000.0,"['Docudrama', 'Epic', 'Legal Drama', 'Biography', 'Drama']",120.0,David Fincher,40000000.0,"['Jesse Eisenberg', 'Andrew Garfield', 'Justin Timberlake']",2.39
Звёздные войны: Эпизод II - Атака клонов,2002.0,6.6,0+,3900,338,54,790000.0,"['Action Epic', 'Adventure Epic', 'Fantasy Epic', 'Sci-Fi Epic', 'Space Sci-Fi', 'Action', 'Adventure', 'Fantasy', 'Sci-Fi']",142.0,George Lucas,115000000.0,"['Hayden Christensen', 'Natalie Portman', 'Ewan McGregor']",2.39
Джон Уик,2014.0,7.5,18+,1600,332,68,781000.0,"['Gun Fu', 'One-Person Army Action', 'Action', 'Crime', 'Thriller']",101.0,Chad Stahelski,20000000.0,"['Keanu Reeves', 'Michael Nyqvist', 'Alfie Allen']",2.39
Американский психопат,2000.0,7.6,18+,1700,239,64,780000.0,"['Dark Comedy', 'Psychological Drama', 'Psychological Horror', 'Serial Killer', 'Slasher Horror', 'Workplace Drama', 'Crime', 'Drama', 'Horror']",102.0,Mary Harron,7000000.0,"['Christian Bale', 'Justin Theroux', 'Josh Lucas']",2.35
Жизнь прекрасна,1997.0,8.6,0+,1500,114,58,778000.0,"['Period Drama', 'Romantic Comedy', 'Tragedy', 'Tragic Romance', 'Comedy', 'Drama', 'Romance', 'War']",116.0,Roberto Benigni,,"['Roberto Benigni', 'Nicoletta Braschi', 'Giorgio Cantarini']",1.85
Топ Ган. Мэверик,2022.0,8.2,16+,4400,445,78,776000.0,"['Action Epic', 'Epic', 'Action', 'Drama']",130.0,Joseph Kosinski,170000000.0,"['Tom Cruise', 'Jennifer Connelly', 'Miles Teller']",2.39
Шрек,2001.0,7.9,6+,1300,189,84,773000.0,"['Buddy Comedy', 'Computer Animation', 'Fairy Tale', 'Feel-Good Romance', 'Parody', 'Quest', 'Romantic Comedy', 'Satire', 'Slapstick', 'Swashbuckler']",90.0,Andrew Adamson,60000000.0,"['Mike Myers', 'Eddie Murphy', 'Cameron Diaz']",
Дюнкерк,2017.0,7.8,16+,2800,581,94,773000.0,"['Action Epic', 'Epic', 'Historical Epic', 'Period Drama', 'War Epic', 'Action', 'Drama', 'History', 'Thriller', 'War']",106.0,Christopher Nolan,100000000.0,"['Fionn Whitehead', 'Barry Keoghan', 'Mark Rylance']",2.2
Грань будущего,2014.0,7.9,12+,1200,644,71,772000.0,"['Alien Invasion', 'Dystopian Sci-Fi', 'Sci-Fi Epic', 'Time Travel', 'Action', 'Adventure', 'Sci-Fi']",113.0,Doug Liman,178000000.0,"['Tom Cruise', 'Emily Blunt', 'Bill Paxton']",2.39
Бэтмен против Супермена: На заре справедливости,2016.0,6.5,12+,4400,799,44,771000.0,"['Superhero', 'Action', 'Adventure', 'Sci-Fi']",151.0,Zack Snyder,250000000.0,"['Ben Affleck', 'Henry Cavill', 'Amy Adams']",2.39
Люди Икс: Дни минувшего будущего,2014.0,7.9,12+,966,582,75,770000.0,"['Superhero', 'Time Travel', 'Action', 'Adventure', 'Sci-Fi', 'Thriller']",132.0,Bryan Singer,200000000.0,"['Patrick Stewart', 'Ian McKellen', 'Hugh Jackman']",2.39
12 лет рабства,2013.0,8.1,16+,1000,468,96,765000.0,"['Costume Drama', 'Docudrama', 'Epic', 'Period Drama', 'Tragedy', 'Biography', 'Drama', 'History']",134.0,Steve McQueen,20000000.0,"['Chiwetel Ejiofor', 'Michael Kenneth Williams', 'Michael Fassbender']",2.35
Unknown,,,Unknown,0,0,0,,[],,Unknown,,[],
Прочь,2017.0,7.8,18+,2100,450,85,759000.0,"['Dark Comedy', 'Psychological Horror', 'Psychological Thriller', 'Suspense Mystery', 'Horror', 'Mystery', 'Thriller']",104.0,Jordan Peele,4500000.0,"['Daniel Kaluuya', 'Allison Williams', 'Bradley Whitford']",2.39
Схватка,1995.0,8.3,16+,1500,213,76,758000.0,"['Action Epic', 'Cop Drama', 'Epic', 'Gangster', 'Heist', 'Action', 'Crime', 'Drama']",170.0,Michael Mann,60000000.0,"['Al Pacino', 'Robert De Niro', 'Val Kilmer']",2.39
Человек-паук: Возвращение домой,2017.0,7.4,16+,1500,568,73,758000.0,"['Superhero', 'Urban Adventure', 'Action', 'Adventure', 'Sci-Fi']",133.0,Jon Watts,175000000.0,"['Tom Holland', 'Michael Keaton', 'Robert Downey Jr.']",2.39
Фарго,1996.0,8.1,16+,1100,145,88,756000.0,"['Cop Drama', 'Dark Comedy', 'Police Procedural', 'Tragedy', 'Crime', 'Drama', 'Thriller']",98.0,Joel Coen,7000000.0,"['William H. Macy', 'Frances McDormand', 'Steve Buscemi']",1.85
2001 год: Космическая одиссея,1968.0,8.3,12+,2700,260,84,754000.0,"['Adventure Epic', 'Artificial Intelligence', 'Epic', 'Psychological Drama', 'Sci-Fi Epic', 'Space Sci-Fi', 'Adventure', 'Sci-Fi']",149.0,Stanley Kubrick,12000000.0,"['Keir Dullea', 'Gary Lockwood', 'William Sylvester']",2.2
Война миров Z,2013.0,7.0,12+,1300,674,63,753000.0,"['Disaster', 'Globetrotting Adventure', 'Zombie Horror', 'Action', 'Adventure', 'Horror', 'Sci-Fi']",116.0,Marc Forster,190000000.0,"['Brad Pitt', 'Mireille Enos', 'Daniella Kertesz']",2.39
Kingsman: Секретная служба,2014.0,7.7,18+,1100,458,60,753000.0,"['Gun Fu', 'Spy', 'Action', 'Adventure', 'Comedy', 'Thriller']",129.0,Matthew Vaughn,81000000.0,"['Colin Firth', 'Taron Egerton', 'Samuel L. Jackson']",2.39
Психо,1960.0,8.5,16+,1600,157,97,752000.0,"['Dark Comedy', 'Psychological Horror', 'Psychological Thriller', 'Slasher Horror', 'Suspense Mystery', 'Drama', 'Horror', 'Mystery', 'Thriller']",109.0,Alfred Hitchcock,806947.0,"['Anthony Perkins', 'Janet Leigh', 'Vera Miles']",1.37
Тор 2: Царство тьмы,2013.0,6.7,12+,921,522,54,752000.0,"['Dark Fantasy', 'Quest', 'Superhero', 'Action', 'Adventure', 'Fantasy', 'Sci-Fi']",112.0,Alan Taylor,170000000.0,"['Chris Hemsworth', 'Natalie Portman', 'Tom Hiddleston']",2.39
Человек-муравей,2015.0,7.2,12+,882,615,64,751000.0,"['Superhero', 'Action', 'Comedy', 'Sci-Fi']",117.0,Peyton Reed,130000000.0,"['Paul Rudd', 'Michael Douglas', 'Corey Stoll']",1.85
007: Координаты «Скайфолл»,2012.0,7.8,16+,1700,516,81,751000.0,"['Globetrotting Adventure', 'Spy', 'Action', 'Adventure', 'Thriller']",143.0,Sam Mendes,200000000.0,"['Daniel Craig', 'Javier Bardem', 'Naomie Harris']",2.39
На игле,1996.0,8.1,18+,741,143,83,749000.0,"['Dark Comedy', 'Psychological Drama', 'Drama']",93.0,Danny Boyle,,"['Ewan McGregor', 'Ewen Bremner', 'Jonny Lee Miller']",1.85
Unknown,,,Unknown,0,0,0,,[],,Unknown,,[],
Человек-паук 2,2004.0,7.5,12+,1700,342,83,747000.0,"['Superhero', 'Urban Adventure', 'Action', 'Adventure', 'Sci-Fi']",127.0,Sam Raimi,200000000.0,"['Tobey Maguire', 'Kirsten Dunst', 'Alfred Molina']",2.39
Люди Икс: Первый класс,2011.0,7.7,12+,878,539,65,747000.0,"['Superhero', 'Action', 'Sci-Fi']",131.0,Matthew Vaughn,160000000.0,"['James McAvoy', 'Michael Fassbender', 'Jennifer Lawrence']",2.39
Малышка на миллион,2004.0,8.1,16+,1400,242,86,746000.0,"['Boxing', 'Tragedy', 'Drama', 'Sport']",132.0,Clint Eastwood,30000000.0,"['Hilary Swank', 'Clint Eastwood', 'Morgan Freeman']",2.39
Апокалипсис сегодня,1979.0,8.4,18+,1500,298,94,742000.0,"['Adventure Epic', 'Epic', 'Hard-boiled Detective', 'Psychological Drama', 'Quest', 'Suspense Mystery', 'War Epic', 'Drama', 'Mystery', 'War']",147.0,Francis Ford Coppola,31500000.0,"['Martin Sheen', 'Marlon Brando', 'Robert Duvall']",2.39
Отряд самоубийц,2016.0,5.9,16+,2500,513,40,741000.0,"['Dark Comedy', 'Superhero', 'Action', 'Adventure', 'Fantasy', 'Sci-Fi']",123.0,David Ayer,175000000.0,"['Will Smith', 'Jared Leto', 'Margot Robbie']",2.39
Иллюзия обмана,2013.0,7.2,12+,934,407,50,738000.0,"['Caper', 'Heist', 'Crime', 'Mystery', 'Thriller']",115.0,Louis Leterrier,75000000.0,"['Jesse Eisenberg', 'Common', 'Mark Ruffalo']",2.39
Драйв,2011.0,7.8,18+,1800,745,79,736000.0,"['Car Action', 'One-Person Army Action', 'Action', 'Drama']",100.0,Nicolas Winding Refn,15000000.0,"['Ryan Gosling', 'Carey Mulligan', 'Bryan Cranston']",2.35
Район No 9,2009.0,7.9,14+,1500,501,81,736000.0,"['Alien Invasion', 'Political Drama', 'Sci-Fi Epic', 'Action', 'Sci-Fi', 'Thriller']",112.0,Neill Blomkamp,30000000.0,"['Sharlto Copley', 'David James', 'Jason Cope']",1.85
Новый Человек-паук,2012.0,6.9,12+,1500,640,66,733000.0,"['Superhero', 'Action', 'Sci-Fi']",136.0,Marc Webb,230000000.0,"['Andrew Garfield', 'Emma Stone', 'Rhys Ifans']",2.39
Хоббит: Пустошь Смауга,2013.0,7.8,12+,1000,538,66,732000.0,"['Adventure Epic', 'Fantasy Epic', 'Quest', 'Sword & Sorcery', 'Adventure', 'Fantasy']",161.0,Peter Jackson,225000000.0,"['Ian McKellen', 'Martin Freeman', 'Richard Armitage']",2.35
Человек-паук: Через Вселенные,2018.0,8.4,6+,2200,378,87,731000.0,"['Computer Animation', 'Superhero', 'Supernatural Fantasy', 'Teen Adventure', 'Teen Comedy', 'Urban Adventure', 'Action', 'Adventure', 'Animation', 'Comedy']",117.0,Bob Persichetti,90000000.0,"['Shameik Moore', 'Jake Johnson', 'Hailee Steinfeld']",2.39
Гарри Поттер и тайная комната,2002.0,7.4,16+,1000,146,63,729000.0,"['Sword & Sorcery', 'Teen Adventure', 'Teen Fantasy', 'Adventure', 'Family', 'Fantasy', 'Mystery']",161.0,Chris Columbus,100000000.0,"['Daniel Radcliffe', 'Rupert Grint', 'Emma Watson']",2.39
Гарри Поттер и узник Азкабана,2004.0,7.9,16+,1700,252,82,729000.0,"['Sword & Sorcery', 'Teen Adventure', 'Teen Fantasy', 'Adventure', 'Family', 'Fantasy', 'Mystery']",142.0,Alfonso Cuarón,130000000.0,"['Daniel Radcliffe', 'Emma Watson', 'Rupert Grint']",2.39
1917,2019.0,8.2,16+,3500,534,78,728000.0,"['Epic', 'Period Drama', 'War Epic', 'Action', 'Drama', 'War']",119.0,Sam Mendes,95000000.0,"['Dean-Charles Chapman', 'George MacKay', 'Daniel Mays']",2.39
Лабиринт Фавна,2006.0,8.2,14+,1400,342,98,725000.0,"['Coming-of-Age', 'Dark Fantasy', 'Fairy Tale', 'Period Drama', 'Supernatural Fantasy', 'Teen Fantasy', 'Tragedy', 'Drama', 'Fantasy', 'War']",118.0,Guillermo del Toro,19000000.0,"['Ivana Baquero', 'Ariadna Gil', 'Sergi López']",1.85
Загадочная история Бенджамина Баттона,2008.0,7.8,12+,1000,333,70,722000.0,"['Epic', 'Period Drama', 'Romantic Epic', 'Drama', 'Fantasy', 'Romance']",166.0,David Fincher,150000000.0,"['Brad Pitt', 'Cate Blanchett', 'Tilda Swinton']",2.39
Король говорит!,2010.0,8.0,14+,843,490,88,722000.0,"['Period Drama', 'Political Drama', 'Biography', 'Drama', 'History']",118.0,Tom Hooper,15000000.0,"['Colin Firth', 'Geoffrey Rush', 'Helena Bonham Carter']",1.85
Чудо-женщина,2017.0,7.3,16+,2500,741,76,720000.0,"['Superhero', 'Action', 'Adventure', 'Fantasy', 'Sci-Fi', 'War']",141.0,Patty Jenkins,149000000.0,"['Gal Gadot', 'Chris Pine', 'Robin Wright']",2.39
Пираты Карибского моря: На краю света,2007.0,7.1,12+,1300,337,50,719000.0,"['Adventure Epic', 'Sea Adventure', 'Swashbuckler', 'Action', 'Adventure', 'Fantasy']",169.0,Gore Verbinski,300000000.0,"['Johnny Depp', 'Orlando Bloom', 'Keira Knightley']",2.39
Ла-Ла Ленд,2016.0,8.0,16+,2300,730,94,719000.0,"['Pop Musical', 'Showbiz Drama', 'Comedy', 'Drama', 'Music', 'Musical', 'Romance']",128.0,Damien Chazelle,30000000.0,"['Ryan Gosling', 'Emma Stone', 'Rosemarie DeWitt']",2.55
Казино Рояль,2006.0,8.0,12+,2600,227,80,718000.0,"['Globetrotting Adventure', 'Spy', 'Action', 'Adventure', 'Thriller']",144.0,Martin Campbell,150000000.0,"['Daniel Craig', 'Eva Green', 'Judi Dench']",2.39
Гарри Поттер и кубок огня,2005.0,7.7,12+,2100,322,81,717000.0,"['Sword & Sorcery', 'Teen Adventure', 'Teen Fantasy', 'Adventure', 'Family', 'Fantasy', 'Mystery']",157.0,Mike Newell,150000000.0,"['Daniel Radcliffe', 'Emma Watson', 'Rupert Grint']",2.39
Изгой-один: Звёздные войны. Истории,2016.0,7.8,12+,2000,524,65,717000.0,"['Action Epic', 'Adventure Epic', 'Sci-Fi Epic', 'Space Sci-Fi', 'Tragedy', 'Action', 'Adventure', 'Sci-Fi']",133.0,Gareth Edwards,200000000.0,"['Felicity Jones', 'Diego Luna', 'Alan Tudyk']",2.39
День сурка,1993.0,8.0,12+,1000,151,72,716000.0,"['Feel-Good Romance', 'High-Concept Comedy', 'Holiday Comedy', 'Holiday Romance', 'Romantic Comedy', 'Comedy', 'Drama', 'Fantasy', 'Romance']",101.0,Harold Ramis,14600000.0,"['Bill Murray', 'Andie MacDowell', 'Chris Elliott']",1.85
Бегущий по лезвию 2049,2017.0,8.0,18+,2600,590,81,714000.0,"['Action Epic', 'Artificial Intelligence', 'Cyber Thriller', 'Cyberpunk', 'Dystopian Sci-Fi', 'Epic', 'Sci-Fi Epic', 'Action', 'Drama', 'Mystery']",164.0,Denis Villeneuve,150000000.0,"['Harrison Ford', 'Ryan Gosling', 'Ana de Armas']",2.39
Дэдпул 2,2018.0,7.6,18+,1400,498,66,713000.0,"['Dark Comedy', 'Gun Fu', 'Raunchy Comedy', 'Superhero', 'Time Travel', 'Action', 'Adventure', 'Comedy', 'Sci-Fi']",119.0,David Leitch,110000000.0,"['Ryan Reynolds', 'Josh Brolin', 'Morena Baccarin']",2.39
Мир Юрского периода,2015.0,6.9,12+,1700,715,59,702000.0,"['Dinosaur Adventure', 'Jungle Adventure', 'Action', 'Adventure', 'Sci-Fi']",124.0,Colin Trevorrow,150000000.0,"['Chris Pratt', 'Bryce Dallas Howard', 'Ty Simpkins']",2.0
Она,2013.0,8.0,16+,1400,648,91,702000.0,"['Artificial Intelligence', 'Drama', 'Romance', 'Sci-Fi']",126.0,Spike Jonze,23000000.0,"['Joaquin Phoenix', 'Amy Adams', 'Scarlett Johansson']",1.85
Трансформеры,2007.0,7.1,12+,2000,412,61,697000.0,"['Action Epic', 'Alien Invasion', 'Sci-Fi Epic', 'Action', 'Adventure', 'Sci-Fi']",144.0,Michael Bay,150000000.0,"['Shia LaBeouf', 'Megan Fox', 'Josh Duhamel']",2.39
Один дома,1990.0,7.7,12+,719,103,63,696000.0,"['High-Concept Comedy', 'Holiday Comedy', 'Holiday Family', 'Slapstick', 'Comedy', 'Family', 'Holiday']",103.0,Chris Columbus,18000000.0,"['Macaulay Culkin', 'Joe Pesci', 'Daniel Stern']",
Звёздные войны: Последние джедаи,2017.0,6.9,16+,6900,739,84,695000.0,"['Action Epic', 'Adventure Epic', 'Fantasy Epic', 'Sci-Fi Epic', 'Space Sci-Fi', 'Action', 'Adventure', 'Fantasy', 'Sci-Fi']",152.0,Rian Johnson,317000000.0,"['Daisy Ridley', 'John Boyega', 'Mark Hamill']",2.39
Челюсти,1975.0,8.1,16+,1500,270,87,694000.0,"['Monster Horror', 'Sea Adventure', 'Survival', 'Adventure', 'Drama', 'Horror', 'Thriller']",124.0,Steven Spielberg,7000000.0,"['Roy Scheider', 'Robert Shaw', 'Richard Dreyfuss']",2.39
Омерзительная восьмерка,2015.0,7.8,18+,1700,586,68,692000.0,"['Period Drama', 'Suspense Mystery', 'Whodunnit', 'Crime', 'Drama', 'Mystery', 'Thriller', 'Western']",168.0,Quentin Tarantino,44000000.0,"['Samuel L. Jackson', 'Kurt Russell', 'Jennifer Jason Leigh']",2.76
Шерлок Холмс,2009.0,7.6,12+,786,421,57,690000.0,"['Whodunnit', 'Action', 'Adventure', 'Mystery']",128.0,Guy Ritchie,90000000.0,"['Robert Downey Jr.', 'Jude Law', 'Rachel McAdams']",1.85
Холодное сердце,2013.0,7.4,6+,1200,418,75,689000.0,"['Computer Animation', 'Fairy Tale', 'Mountain Adventure', 'Pop Musical', 'Adventure', 'Animation', 'Comedy', 'Family', 'Fantasy', 'Musical']",102.0,Chris Buck,150000000.0,"['Kristen Bell', 'Idina Menzel', 'Jonathan Groff']",2.39
Жизнь Пи,2012.0,7.9,6+,1000,502,79,685000.0,"['Adventure Epic', 'Sea Adventure', 'Survival', 'Teen Adventure', 'Adventure', 'Drama', 'Fantasy']",127.0,Ang Lee,120000000.0,"['Suraj Sharma', 'Irrfan Khan', 'Adil Hussain']",1.85
Третий лишний,2012.0,6.9,18+,757,470,62,684000.0,"['Buddy Comedy', 'High-Concept Comedy', 'Raunchy Comedy', 'Satire', 'Slapstick', 'Comedy']",106.0,Seth MacFarlane,50000000.0,"['Mark Wahlberg', 'Mila Kunis', 'Seth MacFarlane']",1.85
Бёрдмэн,2014.0,7.7,16+,1500,559,87,682000.0,"['Dark Comedy', 'Satire', 'Showbiz Drama', 'Workplace Drama', 'Comedy', 'Drama']",119.0,Alejandro G. Iñárritu,18000000.0,"['Michael Keaton', 'Zach Galifianakis', 'Edward Norton']",1.85
В диких условиях,2007.0,8.0,16+,1200,263,73,679000.0,"['Coming-of-Age', 'Docudrama', 'Road Trip', 'Survival', 'Tragedy', 'Adventure', 'Biography', 'Drama']",148.0,Sean Penn,15000000.0,"['Emile Hirsch', 'Vince Vaughn', 'Catherine Keener']",2.39
Олдбой,2003.0,8.3,18+,1300,326,78,679000.0,"['Dark Comedy', 'One-Person Army Action', 'Psychological Drama', 'Psychological Thriller', 'Action', 'Drama', 'Mystery', 'Thriller']",120.0,Park Chan-wook,3000000.0,"['Choi Min-sik', 'Yoo Ji-tae', 'Kang Hye-jeong']",2.35
Прометей,2012.0,7.0,16+,2800,546,64,677000.0,"['Sci-Fi Epic', 'Adventure', 'Mystery', 'Sci-Fi']",124.0,Ridley Scott,130000000.0,"['Noomi Rapace', 'Logan Marshall-Green', 'Michael Fassbender']",2.39
Люди Икс,2000.0,7.3,12+,1500,281,64,673000.0,"['Superhero', 'Action', 'Adventure', 'Sci-Fi']",104.0,Bryan Singer,75000000.0,"['Patrick Stewart', 'Hugh Jackman', 'Ian McKellen']",2.39
Ультиматум Борна,2007.0,8.0,16+,982,285,85,671000.0,"['Spy', 'Action', 'Mystery', 'Thriller']",115.0,Paul Greengrass,110000000.0,"['Matt Damon', 'Edgar Ramírez', 'Joan Allen']",2.39
Нефть,2007.0,8.2,16+,1600,339,93,671000.0,"['Epic', 'Period Drama', 'Psychological Drama', 'Tragedy', 'Drama']",158.0,Paul Thomas Anderson,25000000.0,"['Daniel Day-Lewis', 'Paul Dano', 'Ciarán Hinds']",2.39
Человек-паук 3: Враг в отражении,2007.0,6.3,12+,2300,431,59,669000.0,"['Superhero', 'Urban Adventure', 'Action', 'Adventure', 'Sci-Fi']",139.0,Sam Raimi,258000000.0,"['Tobey Maguire', 'Kirsten Dunst', 'Topher Grace']",2.39
Гарри Поттер и Орден Феникса,2007.0,7.5,12+,1300,353,71,666000.0,"['Teen Adventure', 'Teen Fantasy', 'Action', 'Adventure', 'Family', 'Fantasy', 'Mystery']",138.0,David Yates,150000000.0,"['Daniel Radcliffe', 'Emma Watson', 'Rupert Grint']",2.39
Изгой,2000.0,7.8,12+,1300,79,74,666000.0,"['Survival', 'Adventure', 'Drama', 'Romance']",143.0,Robert Zemeckis,90000000.0,"['Tom Hanks', 'Helen Hunt', 'Paul Sanchez']",1.85
12 обезьян,1995.0,8.0,R,801,214,75,664000.0,"['Cyberpunk', 'Dystopian Sci-Fi', 'Psychological Thriller', 'Time Travel', 'Mystery', 'Sci-Fi', 'Thriller']",129.0,Terry Gilliam,29000000.0,"['Bruce Willis', 'Madeleine Stowe', 'Brad Pitt']",1.85
SuperПерцы,2007.0,7.6,18+,792,261,76,664000.0,"['Buddy Comedy', 'Dark Comedy', 'Raunchy Comedy', 'Teen Comedy', 'Comedy']",113.0,Greg Mottola,20000000.0,"['Michael Cera', 'Jonah Hill', 'Christopher Mintz-Plasse']",1.85
Рокки,1976.0,8.1,16+,884,151,70,660000.0,"['Boxing', 'Drama', 'Sport']",120.0,John G. Avildsen,960000.0,"['Sylvester Stallone', 'Talia Shire', 'Burt Young']",
Дневник памяти,2004.0,7.8,16+,1400,144,53,656000.0,"['Romantic Epic', 'Drama', 'Romance']",123.0,Nick Cassavetes,29000000.0,"['Gena Rowlands', 'James Garner', 'Rachel McAdams']",2.39
Заложница,2008.0,7.7,16+,1200,179,51,655000.0,"['One-Person Army Action', 'Action', 'Crime', 'Thriller']",90.0,Pierre Morel,25000000.0,"['Liam Neeson', 'Maggie Grace', 'Famke Janssen']",2.35
Операция «Арго»,2012.0,7.7,16+,984,659,86,653000.0,"['Docudrama', 'Period Drama', 'Political Drama', 'Political Thriller', 'Biography', 'Drama', 'History', 'Thriller']",120.0,Ben Affleck,44500000.0,"['Ben Affleck', 'Bryan Cranston', 'John Goodman']",2.39
Матрица: Перезагрузка,2003.0,7.2,16+,2900,182,62,652000.0,"['Cyberpunk', 'Dystopian Sci-Fi', 'Martial Arts', 'Superhero', 'Action', 'Sci-Fi']",138.0,Lana Wachowski,150000000.0,"['Keanu Reeves', 'Laurence Fishburne', 'Carrie-Anne Moss']",1.78
Малыш на драйве,2017.0,7.5,18+,1300,510,86,651000.0,"['Caper', 'Car Action', 'Heist', 'Action', 'Crime', 'Drama', 'Music']",113.0,Edgar Wright,34000000.0,"['Ansel Elgort', 'Jon Bernthal', 'Jon Hamm']",2.39
Тайна Коко,2017.0,8.4,12+,1400,354,81,650000.0,"['Computer Animation', 'Dark Comedy', 'Supernatural Fantasy', 'Adventure', 'Animation', 'Drama', 'Family', 'Fantasy', 'Music', 'Mystery']",105.0,Lee Unkrich,175000000.0,"['Anthony Gonzalez', 'Gael García Bernal', 'Benjamin Bratt']",2.35
Одиннадцать друзей Оушена,2001.0,7.7,12+,1000,138,74,646000.0,"['Caper', 'Heist', 'Crime', 'Thriller']",116.0,Steven Soderbergh,85000000.0,"['George Clooney', 'Brad Pitt', 'Julia Roberts']",2.39
Добро пожаловать в Zомбилэнд,2009.0,7.5,16+,831,493,73,645000.0,"['Buddy Comedy', 'Dark Comedy', 'Road Trip', 'Zombie Horror', 'Action', 'Comedy', 'Horror']",88.0,Ruben Fleischer,23600000.0,"['Jesse Eisenberg', 'Emma Stone', 'Woody Harrelson']",2.39
История игрушек 2,1999.0,7.9,6+,706,213,88,645000.0,"['Computer Animation', 'Quest', 'Slapstick', 'Supernatural Fantasy', 'Urban Adventure', 'Adventure', 'Animation', 'Comedy', 'Family', 'Fantasy']",92.0,John Lasseter,90000000.0,"['Tom Hanks', 'Tim Allen', 'Joan Cusack']",
Оно,2017.0,7.3,18+,2200,623,69,644000.0,"['Monster Horror', 'Supernatural Horror', 'Horror']",135.0,Andy Muschietti,35000000.0,"['Bill Skarsgård', 'Jaeden Martell', 'Finn Wolfhard']",2.39
Секреты Лос-Анджелеса,1997.0,8.2,16+,905,154,91,641000.0,"['Conspiracy Thriller', 'Cop Drama', 'Hard-boiled Detective', 'Period Drama', 'Police Procedural', 'Suspense Mystery', 'Whodunnit', 'Crime', 'Drama', 'Mystery']",138.0,Curtis Hanson,35000000.0,"['Kevin Spacey', 'Russell Crowe', 'Guy Pearce']",2.39
Не смотрите наверх,2021.0,7.2,18+,4700,325,49,640000.0,"['Dark Comedy', 'Satire', 'Tragedy', 'Comedy', 'Drama', 'Sci-Fi']",138.0,Adam McKay,75000000.0,"['Leonardo DiCaprio', 'Jennifer Lawrence', 'Meryl Streep']",2.39
Люди в чёрном,1997.0,7.3,0+,434,175,72,640000.0,"['Alien Invasion', 'Buddy Comedy', 'Buddy Cop', 'High-Concept Comedy', 'Urban Adventure', 'Action', 'Adventure', 'Comedy', 'Sci-Fi']",98.0,Barry Sonnenfeld,90000000.0,"['Tommy Lee Jones', 'Will Smith', 'Linda Fiorentino']",1.85
По соображениям совести,2016.0,8.1,18+,1200,418,71,637000.0,"['Docudrama', 'Epic', 'Period Drama', 'War Epic', 'Biography', 'Drama', 'History', 'War']",139.0,Mel Gibson,40000000.0,"['Andrew Garfield', 'Sam Worthington', 'Luke Bracey']",2.35
Капитан Марвел,2019.0,6.8,16+,7400,564,64,637000.0,"['Quest', 'Space Sci-Fi', 'Superhero', 'Action', 'Adventure', 'Sci-Fi']",123.0,Anna Boden,160000000.0,"['Brie Larson', 'Samuel L. Jackson', 'Ben Mendelsohn']",
Стрингер,2014.0,7.8,18+,1000,468,76,637000.0,"['Psychological Drama', 'Psychological Thriller', 'Crime', 'Drama', 'Thriller']",117.0,Dan Gilroy,8500000.0,"['Jake Gyllenhaal', 'Rene Russo', 'Bill Paxton']",2.35
Зеленая книга,2018.0,8.2,16+,1800,435,69,636000.0,"['Docudrama', 'Period Drama', 'Road Trip', 'Biography', 'Comedy', 'Drama', 'Music']",130.0,Peter Farrelly,23000000.0,"['Viggo Mortensen', 'Mahershala Ali', 'Linda Cardellini']",2.0
Зодиак,2007.0,7.7,16+,1000,434,79,635000.0,"['Cop Drama', 'Epic', 'Police Procedural', 'Psychological Thriller', 'Serial Killer', 'True Crime', 'Whodunnit', 'Crime', 'Drama', 'Mystery']",157.0,David Fincher,65000000.0,"['Jake Gyllenhaal', 'Robert Downey Jr.', 'Mark Ruffalo']",2.39
"Карты, деньги, два ствола",1998.0,8.1,18+,673,117,67,635000.0,"['Dark Comedy', 'Farce', 'Gangster', 'Heist', 'Comedy', 'Crime']",107.0,Guy Ritchie,,"['Jason Flemyng', 'Dexter Fletcher', 'Nick Moran']",1.85
Гарри Поттер и Дары смерти: Часть I,2010.0,7.7,12+,812,240,65,631000.0,"['Dark Fantasy', 'Supernatural Fantasy', 'Sword & Sorcery', 'Teen Adventure', 'Teen Fantasy', 'Adventure', 'Family', 'Fantasy', 'Mystery']",146.0,David Yates,125000000.0,"['Daniel Radcliffe', 'Emma Watson', 'Rupert Grint']",2.39
Касабланка,1942.0,8.5,6+,1600,214,100,631000.0,"['Psychological Drama', 'Drama', 'Romance', 'War']",102.0,Michael Curtiz,950000.0,"['Humphrey Bogart', 'Ingrid Bergman', 'Paul Henreid']",1.37
Дюна: Часть вторая,2024.0,8.5,16+,2700,405,79,630000.0,"['Action Epic', 'Desert Adventure', 'Epic', 'Sci-Fi Epic', 'Space Sci-Fi', 'Action', 'Adventure', 'Drama', 'Sci-Fi']",166.0,Denis Villeneuve,190000000.0,"['Timothée Chalamet', 'Zendaya', 'Rebecca Ferguson']",
Довод,2020.0,7.3,16+,5700,517,69,630000.0,"['Time Travel', 'Action', 'Sci-Fi', 'Thriller']",150.0,Christopher Nolan,205000000.0,"['John David Washington', 'Robert Pattinson', 'Elizabeth Debicki']",
Области тьмы,2011.0,7.4,16+,584,401,59,630000.0,"['Sci-Fi', 'Thriller']",105.0,Neil Burger,27000000.0,"['Bradley Cooper', 'Anna Friel', 'Abbie Cornish']",2.35
Звёздный путь,2009.0,7.9,12+,1700,537,82,630000.0,"['Space Sci-Fi', 'Time Travel', 'Action', 'Adventure', 'Sci-Fi']",127.0,J.J. Abrams,150000000.0,"['Chris Pine', 'Zachary Quinto', 'Simon Pegg']",2.39
Тихое место,2018.0,7.5,16+,3400,512,82,629000.0,"['Alien Invasion', 'Monster Horror', 'Drama', 'Horror', 'Sci-Fi']",90.0,John Krasinski,17000000.0,"['Emily Blunt', 'John Krasinski', 'Millicent Simmonds']",2.39
Гарри Поттер и Принц-полукровка,2009.0,7.6,16+,1200,401,78,628000.0,"['Fantasy Epic', 'Sword & Sorcery', 'Teen Adventure', 'Teen Fantasy', 'Action', 'Adventure', 'Family', 'Fantasy', 'Mystery']",153.0,David Yates,250000000.0,"['Daniel Radcliffe', 'Emma Watson', 'Rupert Grint']",2.39
День независимости,1996.0,7.0,12+,1100,138,59,627000.0,"['Action Epic', 'Alien Invasion', 'Disaster', 'Sci-Fi Epic', 'Space Sci-Fi', 'Action', 'Adventure', 'Sci-Fi']",145.0,Roland Emmerich,75000000.0,"['Will Smith', 'Bill Pullman', 'Jeff Goldblum']",2.39
Мачо и ботан,2012.0,7.2,16+,488,231,69,623000.0,"['Buddy Cop', 'Police Procedural', 'Action', 'Comedy', 'Crime']",109.0,Phil Lord,42000000.0,"['Jonah Hill', 'Channing Tatum', 'Ice Cube']",2.35
Богемская рапсодия,2018.0,7.9,18+,3500,437,49,623000.0,"['Docudrama', 'Period Drama', 'Showbiz Drama', 'Biography', 'Drama', 'Music']",134.0,Bryan Singer,52000000.0,"['Rami Malek', 'Lucy Boynton', 'Gwilym Lee']",2.39
Великий Гэтсби,2013.0,7.2,16+,1100,375,55,621000.0,"['Period Drama', 'Tragedy', 'Tragic Romance', 'Drama', 'Romance']",143.0,Baz Luhrmann,105000000.0,"['Leonardo DiCaprio', 'Carey Mulligan', 'Joel Edgerton']",2.39
Зомби по имени Шон,2004.0,7.9,16+,1200,298,76,619000.0,"['Buddy Comedy', 'Dark Comedy', 'Parody', 'Survival', 'Zombie Horror', 'Comedy', 'Horror']",99.0,Edgar Wright,,"['Simon Pegg', 'Nick Frost', 'Kate Ashfield']",2.35
